user_id,first_name,last_name,email,password
1,Abbie,Say,asay0@rediff.com,dJ4@*HdmIZ
2,Jerry,Crittal,jcrittal1@hud.gov,oO6~S#@zdQWaDm?z
3,Kurtis,Yewdall,kyewdall2@noaa.gov,cS5(Drf9o&
4,Geralda,Boal,gboal3@goodreads.com,gP3\FpfF#
5,Antin,Gloucester,agloucester4@google.es,qX8%JbABJ
6,Karena,Harding,kharding5@xrea.com,iB1=BQj>r0O
7,Harri,Palombi,hpalombi6@irs.gov,jE7'W8(qjbSy
8,Sylvan,Cossins,scossins7@gizmodo.com,"sI3(p,/9C*o>JWx"
9,Ritchie,Paget,rpaget8@virginia.edu,yH6??/FZ'H
10,Trisha,Godbold,tgodbold9@forbes.com,gL9)5Im?!}
11,Emmie,Nairn,enairna@eventbrite.com,aH6\F)rZ>kII&%
12,Genni,Campey,gcampeyb@ebay.co.uk,iQ2{O3?V8)hHZD*
13,Octavius,Deek,odeekc@indiatimes.com,"dN1*NUA4@""r+$"
14,Jobye,Brabban,jbrabband@dagondesign.com,zF3#F#`??{TKXG
15,Rikki,Berrisford,rberrisforde@npr.org,"lL8/WmCv%BR,WEh"
16,Silva,Hubbert,shubbertf@baidu.com,mY1`WzkjDe$
17,Ailina,O'Gormally,aogormallyg@squarespace.com,vB1)11!51l=C
18,Christiana,Sanpere,csanpereh@weather.com,"jO1|\""!vxRvQ%2"
19,Caressa,Gazzard,cgazzardi@mapy.cz,"dJ5>gHm65""*'wW2"
20,Curr,Ostrich,costrichj@upenn.edu,hK9'?)y%636
21,Darby,Coldtart,dcoldtartk@skype.com,cC4(HXJO4bNx
22,Elbertine,Mancktelow,emancktelowl@ovh.net,tB0`%0/ms
23,Dian,Haimes,dhaimesm@china.com.cn,"vY2,+zx,?"
24,Averill,Diamond,adiamondn@desdev.cn,wJ8.(ilB
25,Wesley,Heggison,wheggisono@columbia.edu,sV6_Y@H~o
26,Desirae,Gergler,dgerglerp@columbia.edu,pD9{*CU.CQj|p6DZ
27,Arluene,Badham,abadhamq@cbslocal.com,wO9(N{3)I7u1
28,Felix,Kydd,fkyddr@dropbox.com,wJ7&\?(nh9
29,Gusella,Bastie,gbasties@cbslocal.com,kV3<3az9BO
30,Mallory,de Glanville,mdeglanvillet@over-blog.com,"jB1`p4!nx""\bIVm*"
31,Winthrop,Corp,wcorpu@trellian.com,eV4+wkqP@@GA8!
32,Gideon,Danielut,gdanielutv@infoseek.co.jp,"sS3/vw6,<D<m"
33,Vincents,Garbar,vgarbarw@wordpress.com,yJ8*Y}%Rv?'79RO2
34,Drucy,Harrison,dharrisonx@illinois.edu,uW4<bV\\
35,Latashia,Symones,lsymonesy@salon.com,"gK4?,fIl@/JH.6H"
36,Guillaume,Brusle,gbruslez@list-manage.com,"nC1#z?r4""c}MHZk"
37,Jackie,Rammell,jrammell10@umich.edu,zK0_pBLt1tjv
38,Raynard,Thieme,rthieme11@phoca.cz,dN1}d%MBXgv
39,Verney,Kitteman,vkitteman12@mediafire.com,tL5+IF%3``W`mz#
40,Julieta,Turford,jturford13@de.vu,aA2\zPt)?
41,Gae,Grafton-Herbert,ggraftonherbert14@imgur.com,kJ6?Kj+UNM@
42,Cosimo,Jandak,cjandak15@ca.gov,pG7<.*7(YA3u/f
43,Oralla,Trigg,otrigg16@mediafire.com,mI8@</\t5!*il
44,Aguistin,Stains,astains17@vimeo.com,hP3\A3E`%w
45,Loleta,Himsworth,lhimsworth18@dedecms.com,"cW1#Q)1fIEJ,/"
46,Winnie,Faill,wfaill19@youtube.com,oT0(O_F$01{hJ<_
47,Drucy,Jeenes,djeenes1a@yolasite.com,pG1|u@yv@tf
48,Kettie,Takis,ktakis1b@foxnews.com,"bR4|)Zt""KR7_)"
49,Mareah,Thain,mthain1c@thetimes.co.uk,mL2|PXtTaz`=
50,Micki,Biskup,mbiskup1d@imgur.com,tM3<b`zv~aK
51,Brear,Muscat,bmuscat1e@wired.com,nX0\n/{_Ul
52,Lorrie,Wills,lwills1f@a8.net,"dF1&nm|9i2by,b"
53,Stesha,Mathey,smathey1g@ask.com,sG7~JIqssL<I
54,Eartha,Roe,eroe1h@msu.edu,"lY0(PvN""$"
55,Constantine,Rosenhaus,crosenhaus1i@altervista.org,nW1$Ok)9k
56,Anni,Ganning,aganning1j@spiegel.de,nO7&xyk?p2u
57,Maurice,Reeder,mreeder1k@ocn.ne.jp,pR1(bLZY'iQ
58,Kristina,D'eathe,kdeathe1l@exblog.jp,qO1\L=hD_SGo0kg
59,Boycey,Heball,bheball1m@techcrunch.com,wZ0%YPZC_.x7
60,Sylvan,Stallen,sstallen1n@elegantthemes.com,"iX0.OE\""HqjVD"
61,Hestia,Vondrys,hvondrys1o@nhs.uk,kL5{h4|dqDp?
62,Juan,Linnard,jlinnard1p@google.nl,nV8<o%Xm\!vmJ
63,Ebony,Chew,echew1q@github.com,"gA3$IG9I)""&I9"
64,Lyon,Matcham,lmatcham1r@reverbnation.com,yO3?&oPX
65,Tonya,MacCartney,tmaccartney1s@biglobe.ne.jp,vJ6/VG}z/A!NuC
66,Reube,Astlett,rastlett1t@scribd.com,dB5(P@b/G=Ay
67,Brenda,Rumble,brumble1u@unc.edu,yI0%'R48j@
68,Lorri,Mabbitt,lmabbitt1v@sohu.com,fW4|L)7?>_uus<IH
69,Mose,Alejandro,malejandro1w@google.pl,cS5?YK%d0c
70,Adorne,Allmen,aallmen1x@com.com,dV5&=vi%fmY
71,Binny,Arnli,barnli1y@histats.com,"kO9+k&OfGa6>""z%{"
72,Brita,Dood,bdood1z@squidoo.com,uJ8)0~+@W
73,Hansiain,Fenton,hfenton20@hubpages.com,bK4$CNsc3bJ)kj
74,Janean,Klossek,jklossek21@nymag.com,"xT4,OxLl?"
75,Artur,Bootell,abootell22@ameblo.jp,"pU7""dQ4w"
76,Shell,Danskine,sdanskine23@biblegateway.com,"rQ7`f,MaZW"
77,Erny,Le Conte,eleconte24@dell.com,gZ2)b$N*39u
78,Lynne,Ramsden,lramsden25@deliciousdays.com,"aR8,w2ZHUmZ{"
79,Stanislaw,Sloss,ssloss26@sfgate.com,fE4'Hd~h2Xnx
80,Judie,Heam,jheam27@multiply.com,bN8}{jVFsG<6@
81,Natassia,Goodhay,ngoodhay28@apache.org,"fF2)rDNKH{KC.L,O"
82,Cosette,Zincke,czincke29@friendfeed.com,rC0?lO|`J
83,Lucita,Ranklin,lranklin2a@irs.gov,qK5=t9!auk
84,Ceciley,Gossage,cgossage2b@printfriendly.com,qA2&G0Ci5/}
85,Rosita,Manifold,rmanifold2c@yale.edu,pV8`dRE|BJx
86,Hestia,Wilkennson,hwilkennson2d@gmpg.org,"qZ8=,K.a$2#J?"
87,Adena,Wileman,awileman2e@ucla.edu,"nZ3%Gu,w="
88,Noland,Ansill,nansill2f@sourceforge.net,cD6}BgJ4kPRy'x1S
89,Jarrod,Allchorne,jallchorne2g@cnbc.com,lD4$+df#pIu+PUHS
90,Dudley,Parsons,dparsons2h@wikipedia.org,sX9*>M5iYC)OooRR
91,Freida,Pellamonuten,fpellamonuten2i@wp.com,oX5>wDVLd2uKk
92,Caryl,McGrale,cmcgrale2j@china.com.cn,qB8(MsEFb
93,Lia,Stelli,lstelli2k@sfgate.com,hG3\~kPqG#
94,Delcine,Bonde,dbonde2l@123-reg.co.uk,"yR5,a)!j!x*YNKvn"
95,Friedrick,Dudmarsh,fdudmarsh2m@joomla.org,cA3$+dWd
96,Slade,Steffens,ssteffens2n@samsung.com,"mF5""Vkp>NEPia"""
97,Lezlie,Johnsey,ljohnsey2o@prweb.com,qN3<.6E3m
98,Joaquin,Stichall,jstichall2p@drupal.org,"uR6""OV85"
99,Reeta,Bottomley,rbottomley2q@wired.com,yK7+9b#swe
100,Yurik,Woodberry,ywoodberry2r@admin.ch,gE7_Fo3}K&|
